{"loss": [0.9782935976982117, 0.38342034816741943, 0.28298699855804443, 0.22309209406375885, 0.19659405946731567, 0.15672777593135834, 0.138179212808609, 0.11806366592645645, 0.10679002106189728, 0.09362826496362686, 0.0859481543302536, 0.07553787529468536, 0.06855508685112, 0.06457638740539551, 0.057430561631917953, 0.055063486099243164, 0.049350637942552567, 0.04746079817414284, 0.044334784150123596, 0.04406430944800377], "accuracy": [0.6919928193092346, 0.8820089101791382, 0.9105944037437439, 0.9279983043670654, 0.9359283447265625, 0.9475309252738953, 0.9535194039344788, 0.9603265523910522, 0.9640225768089294, 0.9682331681251526, 0.9709466695785522, 0.9737069606781006, 0.9772860407829285, 0.9778708219528198, 0.9799527525901794, 0.981730580329895, 0.9828767776489258, 0.9834849834442139, 0.9851224422454834, 0.9852628111839294], "val_loss": [0.2901959717273712, 0.20760855078697205, 0.16895689070224762, 0.15363134443759918, 0.13068024814128876, 0.1368027627468109, 0.12417992204427719, 0.12202882021665573, 0.10400211066007614, 0.12633423507213593, 0.10693207383155823, 0.12156404554843903, 0.11068059504032135, 0.12127241492271423, 0.10218317806720734, 0.11503155529499054, 0.11243043094873428, 0.11366281658411026, 0.09996389597654343, 0.11044250428676605], "val_accuracy": [0.9186809062957764, 0.9368559122085571, 0.9514708518981934, 0.9550309181213379, 0.962338387966156, 0.9608394503593445, 0.9666479229927063, 0.9675847887992859, 0.9718943238258362, 0.9685216546058655, 0.9730185270309448, 0.9696458578109741, 0.9737680554389954, 0.9732059240341187, 0.9782649278640747, 0.9752669930458069, 0.9754543900489807, 0.9771407246589661, 0.9790144562721252, 0.9769533276557922]}